[
	{"low":21, "high":23, "lookup":{
			"YEARS":[
				{"low":  0,"high":1000, "lookup":{	"2": 0.03, 		"3":0.04, 		"4":0.05, 		"5":0.06}}
			],
			"GP":[
				{"low":  0,"high": 119, "lookup":{	"2": 0.00,		"3":0.00, 		"4":0.00,		"5":0.00}},
				{"low":120,"high":1000, "lookup":{	"2": 0.01, 		"3":0.01, 		"4":0.01, 		"5":0.01}}
			],
			"STARTS":[
				{"low":  0,"high":  40, "lookup":{	"2": 0.0025, 	"3":0.0025, 	"4":0.0025, 	"5":0.0025}},
				{"low": 41,"high":1000, "lookup":{	"2": 0.005, 	"3":0.005, 		"4":0.005, 		"5":0.005}}
			]
		}
	},

	{"low":24, "high":29, "lookup":{
			"YEARS":[
				{"low":  0,"high":1000, "lookup":{	"2": 0.05, 		"3":0.06, 		"4":0.7, 		"5":0.07}}
			],
			"GP":[
				{"low":  0,"high": 199, "lookup":{	"2": 0.00,		"3":0.00, 		"4":0.00,		"5":0.00}},
				{"low":200,"high":1000, "lookup":{	"2": 0.005, 	"3":0.005, 		"4":0.005, 		"5":0.005}}
			],
			"STARTS":[
				{"low":  0,"high":  10, "lookup":{	"2": 0.0025, 	"3":0.0025, 	"4":0.0025, 	"5":0.0025}},
				{"low": 12,"high":1000, "lookup":{	"2": 0.005, 	"3":0.0075, 	"4":0.01, 		"5":0.015}}
			]
		}
	},
	
	{"low":30,"high":31, "lookup":{
			"YEARS":[
				{"low":  0,"high":1000, "lookup":{	"2": 0.05, 		"3":0.05, 		"4":0.05, 		"5":0.05}}
			],
			"GP":[
				{"low":  0,"high": 119, "lookup":{	"2":-0.01, 		"3":-0.01, 		"4":-0.01, 		"5":-0.01}},
				{"low":120,"high": 239, "lookup":{	"2": 0.01, 		"3":0.015, 		"4":0.02, 		"5":0.025}},
				{"low":240,"high":1000, "lookup":{	"2": 0.00, 		"3":0.00, 		"4":0.00, 		"5":0.00}}
			],
			"STARTS":[
				{"low":  0,"high":  11, "lookup":{	"2": 0.005, 	"3":0.0075, 	"4":0.01, 		"5":0.0125}},
				{"low": 12,"high":1000, "lookup":{	"2": 0.0075, 	"3":0.01, 		"4":0.0125, 	"5":0.015}}
			]
		}
	},
	{"low":32,"high":1000, "lookup":{
			"YEARS":[
				{"low":  0,"high":1000, "lookup":{	"2": 0.05, 		"3":0.05, 		"4":0.05, 		"5":0.05}}
			],
			"GP":[
				{"low":  0,"high": 300, "lookup":{	"2":-0.02, 		"3":-0.02, 		"4":-0.02, 		"5":-0.02}},
				{"low":300,"high":1000, "lookup":{	"2": 0.0, 		"3":0.0, 		"4":0.0, 		"5":0.0}}
			],
			"STARTS":[
				{"low":  0,"high":  40, "lookup":{	"2": 0.0, 		"3":0.0, 		"4":0.0, 		"5":0.0}},
				{"low": 41,"high":1000, "lookup":{	"2": 0.05, 		"3":0.05, 		"4":0.05, 		"5":0.05}}
			]
		}
	}
]