[
	{"low":18, "high":22, "lookup":{
			"YEARS":[
				{"low":  0,"high":1000, "lookup":{	"2": 0.03, 		"3":0.04, 		"4":0.05, 		"5":0.05}}
			],
			"GP":[
				{"low":  0,"high": 179, "lookup":{	"2": 0.00,		"3":0.00, 		"4":0.00,		"5":0.00}},
				{"low":180,"high":1000, "lookup":{	"2": 0.01, 		"3":0.01, 		"4":0.01, 		"5":0.01}}
			],
			"MIN-PER-GAME":[
				{"low":  0,"high":  13, "lookup":{	"2": 0.00, 		"3":0.00, 		"4":0.00, 		"5":0.00}},
				{"low": 14,"high":  15, "lookup":{	"2": 0.005, 	"3":0.005,		"4":0.005, 		"5":0.005}},
				{"low": 16,"high":  18, "lookup":{	"2": 0.0075,	"3":0.0075,		"4":0.0075, 	"5":0.0075}},
				{"low": 19,"high":1000, "lookup":{	"2": 0.0125, 	"3":0.015, 		"4":0.0175, 	"5":0.02}}
			]
		}
	},

	{"low":23,"high":25, "lookup":{
			"YEARS":[
				{"low":  0,"high":1000, "lookup":{	"2": 0.04, 		"3":0.05}}
				
			],
			"GP":[
				{"low":  0,"high": 199, "lookup":{	"2":-0.01, 		"3":-0.02}},
				{"low":200,"high": 399, "lookup":{	"2": 0.01, 		"3":0.0125}},
				{"low":400,"high":1000, "lookup":{	"2": 0.015, 	"3":0.02}}
			],
			"MIN-PER-GAME":[
				{"low":  0,"high":  11, "lookup":{ 	"2": 0.00, 		"3":0.00}},
				{"low": 12,"high":  15, "lookup":{	"2": 0.005, 	"3":0.005}},
				{"low": 16,"high":  18, "lookup":{	"2": 0.0075, 	"3":0.01}},
				{"low": 19,"high":1000, "lookup":{	"2": 0.0015, 	"3":0.0175}}
			]
		}
	},
	
	{"low":26,"high":31, "lookup":{
			"YEARS":[
				{"low":  0,"high":1000, "lookup":{	"2": 0.05, 		"3":0.055, 		"4":0.06, 		"5":0.065}}
			],
			"GP":[
				{"low":  0,"high": 179, "lookup":{	"2":-0.01, 		"3":-0.01, 		"4":-0.01, 		"5":-0.01}},
				{"low":180,"high": 299, "lookup":{	"2": 0.01, 		"3":0.015, 		"4":0.02, 		"5":0.025}},
				{"low":300,"high":1000, "lookup":{	"2": 0.00, 		"3":0.00, 		"4":0.00, 		"5":0.00}}
			],
			"MIN-PER-GAME":[
				{"low":  0,"high":  11, "lookup":{	"2": 0.005, 	"3":0.0075, 	"4":0.01, 		"5":0.0125}},
				{"low": 12,"high":  15, "lookup":{	"2": 0.0075, 	"3":0.001,	 	"4":0.0125, 	"5":0.015}},
				{"low": 16,"high":  18, "lookup":{	"2": 0.0125, 	"3":0.015, 		"4":0.0175, 	"5":0.02}},
				{"low": 18,"high":1000, "lookup":{	"2": 0.015, 	"3":0.0175, 	"4":0.02, 		"5":0.0225}}
			]
		}
	},
	{"low":32,"high":1000, "lookup":{
			"YEARS":[
				{"low":  0,"high":1000, "lookup":{	"2": 0.05, 		"3":0.05, 		"4":0.05, 		"5":0.065}}
			],
			"GP":[
				{"low":  0,"high": 300, "lookup":{	"2":-0.02, 		"3":-0.02, 		"4":-0.02, 		"5":-0.02}},
				{"low":300,"high":1000, "lookup":{	"2": 0.0, 		"3":0.0, 		"4":0.0, 		"5":0.0}}
			],
			"MIN-PER-GAME":[
				{"low":  0,"high":  11, "lookup":{	"2": 0.0, 		"3":0.0, 		"4":0.0, 		"5":0.0}},
				{"low": 12,"high":  15, "lookup":{	"2": 0.05, 		"3":0.05, 		"4":0.005, 		"5":0.05}},
				{"low": 16,"high":  18, "lookup":{	"2": 0.0075, 	"3":0.0075, 	"4":0.0075, 	"5":0.0075}},
				{"low": 19,"high":1000, "lookup":{	"2": 0.0125, 	"3":0.015, 		"4":0.0175, 	"5":0.02}}
			]
		}
	}
]