{
    "GP"            :  3000,
    "G<20"          :  5000,
    "G21-30"        :  9000,
    "G31-45"        : 12000,
    "G45+"          : 15000,
    "PTS<50"        :  5000,
    "PTS50+"        :  8000,
    "PLUS-MINUS"    :  7500,
    "MIN-PER-GAME"  :  8000,
    "PIM"           : -1000,
    "PPG"           : 20000,
    "SHG"           : 20000,
    "GWG"           : 30000,
    "SHOTS"         :  1000,
    "INDIV-REWARDS" : 75000,
    "TEAM-PLAYOFFS" : 20000,
    "TS1-5"         :400000,
    "TS6-10"        :200000,
    "TS11-15"       :125000,
    "FO%"           :  4000,
    "SHOTS-BLOCKED" :  1000, 
    "TAKEAWAYS"     :  1000
}